iterations,execution,best_energy,final_energy,total_iterations,trimmed_iterations,best_iteration,avg_esp
56,1,-1.0419737030515457,-1.0355555490952209,336,336,302,0.8594220191038073
56,10,-0.7488854728774678,-0.7399885122905757,336,336,334,0.8594220191038073
56,2,-0.9829666267503293,-0.9551706847963816,336,336,332,0.8594220191038073
56,3,-1.0241073538219199,-1.0178751997390767,336,289,281,0.8594220191038073
56,4,-1.0089814006804254,-0.9795852344196163,336,289,262,0.8594220191038073
56,5,-1.0719614535108737,-1.0684885676089682,336,289,282,0.8594220191038073
56,6,-1.0386811444901682,-1.027935963699218,336,289,286,0.8594220191038073
56,7,-1.0396904431872065,-1.0330548340987193,336,289,250,0.8594220191038073
56,8,-1.0299239306459143,-1.0150124077501363,336,289,269,0.8594220191038073
56,9,-1.0503043810040753,-1.0281237616519696,336,289,280,0.8594220191038073
