cycles,execution,best_energy,final_energy,total_iterations,trimmed_iterations,best_iteration,avg_esp
4,1,-1.0475796196300067,-1.0306468034933502,432,231,173,0.8519486130738952
4,10,-1.0620810558865494,-1.005074625181233,432,232,194,0.8519486130738952
4,2,-1.0736224338934588,-1.0144819271054872,432,232,230,0.8519486130738952
4,3,-0.9544643081907024,-0.9112090212525585,432,231,220,0.8519486130738952
4,4,-1.0543862698428506,-1.0431202667763952,432,231,230,0.8519486130738952
4,5,-1.0664295030963908,-1.0157667700918922,432,234,223,0.8519486130738952
4,6,-1.0212448439807518,-0.9800101270578583,432,231,230,0.8519486130738952
4,7,-1.0521938537540634,-0.9847333900672057,432,231,204,0.8519486130738952
4,8,-0.9413538870760257,-0.8924074267958347,432,231,221,0.8519486130738952
4,9,-1.0665501510820223,-1.0306985722092916,432,232,231,0.8519486130738952
