iterations,execution,best_energy,final_energy,total_iterations,trimmed_iterations,best_iteration,avg_esp
64,1,-1.065165683811578,-1.0382719375582,384,289,249,0.8594220191038073
64,10,-0.7813721728690343,-0.7730913624032387,384,384,369,0.8594220191038073
64,2,-1.0538937712062229,-1.0366070891291896,384,289,250,0.8594220191038073
64,3,-1.0009306151899484,-0.9753422515850119,384,289,243,0.8594220191038073
64,4,-1.0383567868033794,-1.0261542483485844,384,289,242,0.8594220191038073
64,5,-1.0272089427748035,-1.0147186283400063,384,289,234,0.8594220191038073
64,6,-1.0286455055151702,-1.00726667502192,384,289,278,0.8594220191038073
64,7,-1.0604946079415067,-1.0477513526354096,384,289,256,0.8594220191038073
64,8,-1.0477425367109872,-1.0350391710508589,384,289,251,0.8594220191038073
64,9,-1.0608789281774755,-1.0478919107876314,384,289,253,0.8594220191038073
