cycles,execution,best_energy,final_energy,total_iterations,trimmed_iterations,best_iteration,avg_esp
2,1,-1.029512250471555,-1.0142776473218267,432,432,420,0.801419307640082
2,10,-0.9466377474963179,-0.9353628214331476,425,425,400,0.801419307640082
2,2,-0.9869316419361887,-0.9695668518825151,415,415,274,0.801419307640082
2,3,-0.9376958921273062,-0.9150900546474966,407,407,275,0.801419307640082
2,4,-1.019046474078528,-1.0045775517996494,432,432,322,0.801419307640082
2,5,-1.0452418860168255,-1.0321530907581313,427,427,354,0.801419307640082
2,6,-1.0096349262184325,-1.0010618105072564,403,403,279,0.801419307640082
2,7,-0.49304299301928195,-0.4626349035252775,418,116,104,0.801419307640082
2,8,-1.056944275402188,-1.0477987602612733,414,414,363,0.801419307640082
2,9,-0.9627182410855039,-0.944468806819079,432,432,348,0.801419307640082
