{
  "avg_min_energy": -2.7125003884083436,
  "std_min_energy": 0.0,
  "avg_iterations": 517.0,
  "std_iterations": 0.0,
  "avg_runtime": 108.8422179222107,
  "std_runtime": 0.0,
  "avg_throughput": 31.96877581756959,
  "std_throughput": 0.0
}