{
  "avg_min_energy": -0.9498411407606416,
  "std_min_energy": 0.0,
  "avg_iterations": 521.0,
  "std_iterations": 0.0,
  "avg_runtime": 95.62060856819153,
  "std_runtime": 0.0,
  "avg_throughput": 35.758574055859086,
  "std_throughput": 0.0
}