iterations,execution,best_energy,final_energy,total_iterations,trimmed_iterations,best_iteration,avg_esp
72,1,-1.010866645386568,-0.9955681462910662,432,289,202,0.8594220191038073
72,10,-1.007703855760406,-0.9837155025357335,432,289,277,0.8594220191038073
72,2,-0.9655533431133315,-0.9454901009699758,432,289,276,0.8594220191038073
72,3,-1.0624658147566541,-1.0295229085155602,432,289,269,0.8594220191038073
72,4,-0.9839087746986411,-0.9673585938793487,432,432,379,0.8594220191038073
72,5,-1.0527059715452072,-1.031650888490599,432,289,237,0.8594220191038073
72,6,-1.042920353281676,-1.0289419923556606,432,289,259,0.8594220191038073
72,7,-1.0382923706983744,-1.0111338958473832,432,291,289,0.8594220191038073
72,8,-1.0844541833890409,-1.0732972795013185,432,289,217,0.8594220191038073
72,9,-1.0616058587985449,-1.0480551178173874,432,289,239,0.8594220191038073
