{
    "energies": [
        0.01904296875,
        0.029541015625,
        -0.037109375,
        -0.48876953125,
        -0.602294921875,
        -0.302978515625,
        0.510498046875,
        -0.56640625,
        -0.519775390625,
        -0.381591796875,
        -0.627197265625,
        -0.625732421875,
        -0.66015625,
        -0.633544921875,
        -0.6806640625,
        -0.57177734375,
        -0.6015625,
        -0.64404296875,
        -0.631103515625,
        -0.6005859375,
        -0.614013671875,
        -0.630615234375,
        -0.638671875,
        -0.63427734375,
        -0.616455078125,
        -0.632080078125,
        -0.644287109375,
        -0.630126953125,
        -0.61279296875,
        -0.6328125
    ],
    "parameters": [
        [
            1.5707963267948966,
            1.5707963267948966
        ],
        [
            2.5707963267948966,
            1.5707963267948966
        ],
        [
            1.5707963267948966,
            2.5707963267948966
        ],
        [
            1.3870238959367973,
            3.5537651430126367
        ],
        [
            2.047133938455759,
            4.30493405328889
        ],
        [
            1.4662030773249222,
            5.118886960148854
        ],
        [
            2.508957491009003,
            4.1133120130453396
        ],
        [
            1.867385856889566,
            4.478688555887451
        ],
        [
            1.877429191414614,
            4.121357641863836
        ],
        [
            2.1624737051125065,
            4.3531184722183225
        ],
        [
            2.004153914724451,
            4.350309901050185
        ],
        [
            1.9814659908438035,
            4.328819889184531
        ],
        [
            1.9667700488437487,
            4.40039679126922
        ],
        [
            1.927991836647699,
            4.449412097642618
        ],
        [
            1.9949371705321912,
            4.413931035089562
        ],
        [
            2.0261696866933723,
            4.414976230880584
        ],
        [
            1.983249585122058,
            4.442913147629556
        ],
        [
            2.004968324232495,
            4.401951194504609
        ],
        [
            1.9882617295642189,
            4.4098722613667345
        ],
        [
            1.9989574912887786,
            4.420629704902604
        ],
        [
            1.997542818812709,
            4.411020814118444
        ],
        [
            1.9929914407028182,
            4.4141008370233346
        ],
        [
            1.9959463650429274,
            4.415603226377999
        ],
        [
            1.9954265386807721,
            4.4130859356092875
        ],
        [
            1.9951327859875974,
            4.414378419904579
        ],
        [
            1.9944692135051059,
            4.413791626338392
        ],
        [
            1.9950868312164032,
            4.413738145679856
        ],
        [
            1.9949545997729259,
            4.414029504483627
        ],
        [
            1.994887935835159,
            4.41393974970993
        ],
        [
            1.9950233707263445,
            4.413880344592149
        ]
    ],
    "mapping_history": {
        "selected_mappings": [
            [
                4,
                3,
                5,
                15,
                2,
                6,
                22,
                8,
                7,
                23
            ],
            [
                4,
                3,
                5,
                15,
                2,
                6,
                22,
                8,
                7,
                23
            ],
            [
                4,
                3,
                5,
                15,
                2,
                6,
                22,
                8,
                7,
                23
            ],
            [
                4,
                3,
                5,
                15,
                2,
                6,
                22,
                8,
                7,
                23
            ],
            [
                4,
                3,
                5,
                15,
                2,
                6,
                22,
                8,
                7,
                23
            ],
            [
                4,
                3,
                5,
                15,
                2,
                6,
                22,
                8,
                7,
                23
            ]
        ],
        "actual_esp_schedule": [
            1.0,
            1.0,
            1.0,
            1.0,
            1.0,
            1.0
        ]
    },
    "maxcut_solution": {
        "optimal_bitstring": "N/A",
        "cut_value": -1,
        "counts": {}
    },
    "metadata": {
        "timestamp": "20250410_073311",
        "date": "03_27",
        "backend_name": "ibm_brisbane",
        "schedule_type": "optimal",
        "n_cycles": 6,
        "total_iterations": 30
    }
}