{
    "energies": [
        0.0,
        0.0390625,
        -0.0302734375,
        -0.069091796875,
        0.009765625,
        0.971435546875,
        -0.226806640625,
        -0.3837890625,
        0.642333984375,
        0.27001953125,
        0.072998046875,
        -0.4267578125,
        -0.576416015625,
        -0.658935546875,
        -0.528076171875,
        -0.609130859375,
        -0.621337890625,
        -0.63720703125,
        -0.682861328125,
        -0.6328125,
        -0.682373046875,
        -0.6669921875,
        -0.6953125,
        -0.66650390625,
        -0.673828125,
        -0.723876953125,
        -0.677734375,
        -0.688232421875,
        -0.673583984375,
        -0.724365234375,
        -0.70361328125,
        -0.665283203125,
        -0.677734375,
        -0.652099609375,
        -0.646484375,
        -0.68212890625,
        -0.680419921875,
        -0.67529296875,
        -0.64404296875,
        -0.7265625,
        -0.68115234375,
        1.0419921875,
        0.879638671875,
        -0.23828125,
        -0.1181640625,
        -0.371337890625,
        -0.567138671875,
        -0.611572265625,
        -0.7265625,
        -0.64599609375,
        -0.685302734375,
        -0.69580078125,
        -0.6669921875,
        -0.678466796875,
        -0.659423828125,
        -0.65576171875,
        -0.69140625,
        -0.650390625,
        -0.697021484375,
        -0.75927734375
    ],
    "parameters": [
        [
            1.5707963267948966,
            1.5707963267948966
        ],
        [
            2.5707963267948966,
            1.5707963267948966
        ],
        [
            1.5707963267948966,
            2.5707963267948966
        ],
        [
            0.7803812746196528,
            3.1833679922307105
        ],
        [
            0.13394771073912437,
            3.946338271788649
        ],
        [
            0.4571644926793886,
            3.56485313200968
        ],
        [
            0.9335241909786063,
            3.3809717552745213
        ],
        [
            1.2149596245213825,
            3.794244179646859
        ],
        [
            1.3568089936513505,
            4.2737009102049255
        ],
        [
            1.639351336107674,
            3.5298738425497143
        ],
        [
            1.046446028620818,
            3.9789146104057145
        ],
        [
            1.3281372220333565,
            3.7411797714110406
        ],
        [
            1.2850982036432317,
            3.623822867498171
        ],
        [
            1.266036505748704,
            3.5002848099070882
        ],
        [
            1.3556778699711507,
            3.4131674992258083
        ],
        [
            1.1437029363893776,
            3.4746041205120024
        ],
        [
            1.3035038270575345,
            3.4502603175664275
        ],
        [
            1.273214600615448,
            3.530699238293695
        ],
        [
            1.2356771622554095,
            3.492877194727008
        ],
        [
            1.211994868755047,
            3.472488190961186
        ],
        [
            1.22973033591521,
            3.507326273641579
        ],
        [
            1.242955198484716,
            3.495717149813783
        ],
        [
            1.228499195568431,
            3.489793049709239
        ],
        [
            1.2213343467169444,
            3.486678551806631
        ],
        [
            1.2300412680773154,
            3.48620406636575
        ],
        [
            1.2235391189571858,
            3.4958290083125245
        ],
        [
            1.2266523078677034,
            3.5029944260294084
        ],
        [
            1.2160350140401643,
            3.4936556317587875
        ],
        [
            1.224962624927429,
            3.499466647631531
        ],
        [
            1.2218009077617586,
            3.4949383236849956
        ],
        [
            1.2222462500755231,
            3.494069218087282
        ],
        [
            1.220889836638477,
            3.4966659366838897
        ],
        [
            1.2222390536221135,
            3.4940655679795083
        ],
        [
            1.2215759647179356,
            3.4953717048176456
        ],
        [
            1.2215842171954336,
            3.494825852163084
        ],
        [
            1.2222887084280076,
            3.4949599821500503
        ],
        [
            1.2217153757148969,
            3.4947096559921857
        ],
        [
            1.2219003698995787,
            3.494948681442488
        ],
        [
            1.2217957288830124,
            3.4949880547539056
        ],
        [
            1.221781756318455,
            3.494840174705279
        ],
        [
            1.221781756318455,
            3.494840174705279
        ],
        [
            2.041781756318455,
            3.494840174705279
        ],
        [
            1.221781756318455,
            4.314840174705279
        ],
        [
            0.6140305479576721,
            2.9443508753215326
        ],
        [
            0.9179061521380636,
            3.2195955250134056
        ],
        [
            1.4027522999601485,
            3.3985351263743118
        ],
        [
            1.1897044707946283,
            3.697314982405948
        ],
        [
            1.1271020796699824,
            3.4555717544449647
        ],
        [
            1.2151572672468147,
            3.5456602361430587
        ],
        [
            1.232866350095626,
            3.5937533841441405
        ],
        [
            1.16395475525215,
            3.547865970813463
        ],
        [
            1.231702108233073,
            3.565228293321517
        ],
        [
            1.2191455395717186,
            3.5334842827876782
        ],
        [
            1.2039794203371352,
            3.5519224956964286
        ],
        [
            1.219931613107542,
            3.5499317301047375
        ],
        [
            1.211954528205334,
            3.5457099593549386
        ],
        [
            1.2166809520890274,
            3.5428427205233617
        ],
        [
            1.216236940208653,
            3.5468431599516284
        ],
        [
            1.2153511755918112,
            3.544883286875672
        ],
        [
            1.214369417955793,
            3.545803568292236
        ]
    ],