iterations,execution,best_energy,final_energy,total_iterations,trimmed_iterations,best_iteration,avg_esp
88,1,-1.0049917927074685,-0.9436844771204389,528,289,284,0.8594220191038073
88,10,-1.0654242866265418,-0.9989435711550941,528,289,265,0.8594220191038073
88,2,-1.031753919199656,-0.9721002959069455,528,289,253,0.8594220191038073
88,3,-1.0411337797743456,-0.9925358041671613,528,289,262,0.8594220191038073
88,4,-1.0322163772844348,-1.000443075633282,528,289,261,0.8594220191038073
88,5,-0.9714782863548005,-0.9023255805345886,528,291,271,0.8594220191038073
88,6,-1.057580043730984,-0.9851023740099675,528,289,286,0.8594220191038073
88,7,-1.0470292002646093,-1.0338272031732125,528,289,286,0.8594220191038073
88,8,-1.028576903083749,-1.0062712110459142,528,289,270,0.8594220191038073
88,9,-1.0459893360524575,-0.9974850154311524,528,289,270,0.8594220191038073
