cycles,execution,best_energy,final_energy,total_iterations,trimmed_iterations,best_iteration,avg_esp
8,1,-1.0236565563082103,-1.0071828864289971,432,432,406,0.8674374255858602
8,10,-1.0619553597753124,-1.05237266939482,432,432,421,0.8593371130925191
8,2,-1.0530141420400696,-1.035388196210071,432,432,421,0.8593371130925191
8,3,-1.0187194292027937,-1.0020489126522065,432,432,401,0.8674374255858602
8,4,-1.0709553594264598,-1.0660619802552413,432,432,429,0.8593371130925191
8,5,-1.0206422243089044,-1.0027707953324174,432,432,414,0.8674374255858602
8,6,-0.9925678454289613,-0.9339692046827172,432,290,270,0.8674374255858602
8,7,-1.0075650117598207,-0.9551027387893564,432,289,271,0.8674374255858602
8,8,-1.066064768897394,-1.043594626335916,432,289,287,0.8593371130925191
8,9,-1.0314432375253064,-1.0232000923632745,432,432,418,0.8674374255858602
