cycles,execution,best_energy,final_energy,total_iterations,trimmed_iterations,best_iteration,avg_esp
10,1,-1.0283588441001161,-1.0083220883317252,430,430,382,0.8691083540927627
10,10,-0.8396855049813582,-0.8172842261022466,430,430,415,0.8691083540927627
10,2,-0.9974817323379873,-0.9757248036047077,430,430,387,0.8691083540927627
10,3,-1.074705776293917,-1.074043054758904,430,430,400,0.858620917031085
10,4,-1.021794545096109,-0.9345220709466802,430,300,289,0.8691083540927627
10,5,-1.0505588227569553,-1.029593677470347,430,430,381,0.8691083540927627
10,6,-1.032695827423728,-1.0080486576314684,430,293,254,0.858620917031085
10,7,-0.9858196048774511,-0.9493591179759436,430,292,276,0.858620917031085
10,8,-1.015593731197582,-0.9922064940787695,430,430,372,0.858620917031085
10,9,-1.0120082085356361,-0.969186010109514,430,303,271,0.8691083540927627
