{
  "avg_min_energy": -1.0164586051451256,
  "std_min_energy": 0.0,
  "avg_iterations": 850.0,
  "std_iterations": 0.0,
  "avg_runtime": 473.62053894996643,
  "std_runtime": 0.0,
  "avg_throughput": 7.551802955576468,
  "std_throughput": 0.0
}